BTC , 비트코인
ETH , 이더리움
DOGE , 도지코인
XRP , 리플
QTCON , 퀴즈톡
ETC , 이더리움 클래식
MSB , 미스블록
MVC , 마일벌스
DOT , 폴카닷
KLAY , 클레이튼
XLM , 스텔라루멘
LTC , 라이트코인
ASM , 어셈블프로토콜
UNI , 유니스왑
BNB , 바이낸스코인
DVI , 디비전
EOS , 이오스
QTUM , 퀀텀
ADA , 에이다
XNO , 제노토큰
LF , 링크플로우
ANW , 앵커뉴럴월드
BTT , 비트토렌트
SOC , 소다코인
AWO , 에이아이워크
CON , 코넌
VET , 비체인
EM , 이마이너
BCH , 비트코인 캐시
BURGER , 버거스왑
CVT , 사이버베인
XVS , 비너스
VRA , 베라시티
SXP , 스와이프
LINK , 체인링크
APIX , 아픽스
TRX , 트론
CAKE , 팬케이크스왑
MTL , 메탈
SAND , 샌드박스
LUNA , 루나
BCD , 비트코인 다이아몬드
CHZ , 칠리즈
ENJ , 엔진코인
MANA , 디센트럴랜드
YFI , 연파이낸스
DAC , 다빈치
BTG , 비트코인 골드
REP , 어거
XEM , 넴
LPT , 라이브피어
FIT , 300피트 네트워크
RAI , 라이파이낸스
TMTG , 더마이다스터치골드
ANV , 애니버스
BORA , 보라
ALICE , 마이네이버앨리스
BCHA , 비트코인 캐시 에이비씨
BOA , 보아
ADP , 어댑터 토큰
BAL , 밸런서
MLK , 밀크
TRUE , 트루체인
XPR , 프로톤
RLC , 아이젝
ONG , 온톨로지가스
BSV , 비트코인에스브이
OMG , 오미세고
THETA , 쎄타토큰
BAKE , 베이커리토큰
ORC , 오르빗 체인
EL , 엘리시아
TFUEL , 쎄타퓨엘
WAXP , 왁스
PUNDIX , 펀디엑스
VALOR , 밸러토큰
ONT , 온톨로지
AMO , 아모코인
SNT , 스테이터스네트워크토큰
SRM , 세럼
XTZ , 테조스
COMP , 컴파운드
POLA , 폴라리스 쉐어
OBSR , 옵저버
CKB , 너보스
UMA , 우마
MBL , 무비블록
VSYS , 브이시스템즈
BASIC , 베이직
NU , 누사이퍼
FLETA , 플레타
PCI , 페이코인
HIVE , 하이브
ZIL , 질리카
ATOM , 코스모스
CTSI , 카르테시
ORBS , 오브스
STEEM , 스팀
EGG , 네스트리
AERGO , 아르고
FX , 펑션엑스
WOM , 왐토큰
OXT , 오키드
RSR , 리저브라이트
COLA , 콜라토큰
AQT , 알파쿼크
META , 메타디움
WICC , 웨이키체인
SNX , 신세틱스
MIX , 믹스마블
GXC , 지엑스체인
JST , 저스트
MAP , 맵프로토콜
CYCLUB , 싸이클럽
ARW , 아로와나토큰
ZRX , 제로엑스
LINA , 리니어파이낸스
ALGO , 알고랜드
WEMIX , 위믹스
CHR , 크로미아
SUN , 썬
SUSHI , 스시스왑
RINGX , 링엑스
SSX , 썸씽
ICX , 아이콘
GHX , 게이머코인
BLY , 블로서리
POWR , 파워렛저
BAT , 베이직어텐션토큰
TEMCO , 템코
TRV , 트러스트버스
AION , 아이온
IPX , 타키온프로토콜
WTC , 월튼체인
COS , 콘텐토스
ELF , 엘프
ANKR , 앵커
KNC , 카이버 네트워크
DAI , 다이
KSM , 쿠사마
BIOT , 바이오패스포트
MATIC , 폴리곤
IOST , 이오스트
CRO , 크립토닷컴체인
REN , 렌
CENNZ , 센트럴리티
WIKEN , 위드
LOOM , 룸네트워크
OCEAN , 오션프로토콜
WAVES , 웨이브
QKC , 쿼크체인
EVZ , 이브이지
MKR , 메이커
MIR , 미러 프로토콜
GRT , 더그래프
AAVE , 에이브
HDAC , 에이치닥
STRAX , 스트라티스
HIBS , 힙스
ARPA , 알파체인
MM , 밀리미터토큰
NMR , 뉴메레르
XYM , 심볼
BEL , 벨라프로토콜
CTK , 써틱
CELR , 셀러네트워크
WOZX , 이포스
APM , 에이피엠 코인
MXC , 머신익스체인지코인
GOM2 , 고머니2
CTXC , 코르텍스
BNT , 뱅코르
GLM , 골렘
DAD , 다드
RLY , 랠리
LRC , 루프링
FCT , 피르마체인